{

   "title": "see-base",

   "version": "0.0.1.42",

   "doctype": "HTML5", /* HTML5, XHTML1_STRICT, XHTML1_TRANSITIONAL, XHTML1_FRAMESET, HTML4_STRICT, HTML4_TRANSITIONAL, HTML4_FRAMESET  */

   "thumbnail": "thumbnail.png",

   "author": "kr0l und Talvi und die ganzen anderen Dudes",

   "options": [

       {

           "label": "Body background color",

           "name": "bodyBackgroundColor",

           "type": "color",

           "default": "#fff"

       },

       {

           "label": "Text color",

           "name": "textColor",

           "type": "color",

           "default": "#fff"

       },

       {

           "label": "Custom CSS",

           "name": "customCSS",

           "type": "text",

           "default": "" }

   ]

 

}